Name,Address,Website,Contact,JDVerified
 Borewell Bits And Mt Adapter,"Plot No 216, Phase 2, CHERLAPALLI INDUSTRIAL AREA, Rangareddy - 501301, ESI Hosp",None,+737983999486,Error
 Borewell Bits And Mt Adapter,"Plot No 216, Phase 2, CHERLAPALLI INDUSTRIAL AREA, Rangareddy - 501301, ESI Hosp",None,+737945007901,Error
 Borewell Bits And Mt Adapter,"Plot No 216, Phase 2, CHERLAPALLI INDUSTRIAL AREA, Rangareddy - 501301, ESI Hosp",None,+919491332199,Error
 Borewell Bits And Mt Adapter,"Plot No 216, Phase 2, CHERLAPALLI INDUSTRIAL AREA, Rangareddy - 501301, ESI Hosp",None,+737932596222,Error
 Borewell Bits And Mt Adapter,"Plot No 216, Phase 2, CHERLAPALLI INDUSTRIAL AREA, Rangareddy - 501301, ESI Hosp",None,+737952260780,Error
 Borewell Bits And Mt Adapter,"Plot No 216, Phase 2, CHERLAPALLI INDUSTRIAL AREA, Rangareddy - 501301, ESI Hosp",None,+919477496838,Error
 Borewell Bits And Mt Adapter,"Plot No 216, Phase 2, CHERLAPALLI INDUSTRIAL AREA, Rangareddy - 501301, ESI Hosp",None,+737933831940,Error
 Borewell Bits And Mt Adapter,"Plot No 216, Phase 2, CHERLAPALLI INDUSTRIAL AREA, Rangareddy - 501301, ESI Hosp",None,+737963478408,Error
 Borewell Bits And Mt Adapter,"Plot No 216, Phase 2, CHERLAPALLI INDUSTRIAL AREA, Rangareddy - 501301, ESI Hosp",None,+737962643095,Error
 Borewell Bits And Mt Adapter,"Plot No 216, Phase 2, CHERLAPALLI INDUSTRIAL AREA, Rangareddy - 501301, ESI Hosp",None,+919464317711,Error
 Borewell Bits And Mt Adapter,"Plot No 216, Phase 2, CHERLAPALLI INDUSTRIAL AREA, Rangareddy - 501301, ESI Hosp",None,+919423251379,Error
 Borewell Bits And Mt Adapter,"Plot No 216, Phase 2, CHERLAPALLI INDUSTRIAL AREA, Rangareddy - 501301, ESI Hosp",None,+737930251659,Error
 Borewell Bits And Mt Adapter,"Plot No 216, Phase 2, CHERLAPALLI INDUSTRIAL AREA, Rangareddy - 501301, ESI Hosp",None,+181077231014,Error
 Borewell Bits And Mt Adapter,"Plot No 216, Phase 2, CHERLAPALLI INDUSTRIAL AREA, Rangareddy - 501301, ESI Hosp",None,+1810186957,Error
 Borewell Bits And Mt Adapter,"Plot No 216, Phase 2, CHERLAPALLI INDUSTRIAL AREA, Rangareddy - 501301, ESI Hosp",None,+919425523810,Error
 Borewell Bits And Mt Adapter,"Plot No 216, Phase 2, CHERLAPALLI INDUSTRIAL AREA, Rangareddy - 501301, ESI Hosp",None,+737985899609,Error
 Borewell Bits And Mt Adapter,"Plot No 216, Phase 2, CHERLAPALLI INDUSTRIAL AREA, Rangareddy - 501301, ESI Hosp",None,+737931392218,Error
 Borewell Bits And Mt Adapter,"Plot No 216, Phase 2, CHERLAPALLI INDUSTRIAL AREA, Rangareddy - 501301, ESI Hosp",None,+181011295754,Error
 Borewell Bits And Mt Adapter,"Plot No 216, Phase 2, CHERLAPALLI INDUSTRIAL AREA, Rangareddy - 501301, ESI Hosp",None,+919481332159,Error
 Borewell Bits And Mt Adapter,"Plot No 216, Phase 2, CHERLAPALLI INDUSTRIAL AREA, Rangareddy - 501301, ESI Hosp",None,+919490491934,Error
 Borewell Bits And Mt Adapter,"Plot No 216, Phase 2, CHERLAPALLI INDUSTRIAL AREA, Rangareddy - 501301, ESI Hosp",None,+181020215873,Error
 Borewell Bits And Mt Adapter,"Plot No 216, Phase 2, CHERLAPALLI INDUSTRIAL AREA, Rangareddy - 501301, ESI Hosp",None,+737950591706,Error
 Borewell Bits And Mt Adapter,"Plot No 216, Phase 2, CHERLAPALLI INDUSTRIAL AREA, Rangareddy - 501301, ESI Hosp",None,+919499300447,Error
 Borewell Bits And Mt Adapter,"Plot No 216, Phase 2, CHERLAPALLI INDUSTRIAL AREA, Rangareddy - 501301, ESI Hosp",None,+737966614423,Error
 Borewell Bits And Mt Adapter,"Plot No 216, Phase 2, CHERLAPALLI INDUSTRIAL AREA, Rangareddy - 501301, ESI Hosp",None,+181098500802,Error
 Borewell Bits And Mt Adapter,"Plot No 216, Phase 2, CHERLAPALLI INDUSTRIAL AREA, Rangareddy - 501301, ESI Hosp",None,+737939420607,Error
 Borewell Bits And Mt Adapter,"Plot No 216, Phase 2, CHERLAPALLI INDUSTRIAL AREA, Rangareddy - 501301, ESI Hosp",None,+737943885838,Error
 Borewell Bits And Mt Adapter,"Plot No 216, Phase 2, CHERLAPALLI INDUSTRIAL AREA, Rangareddy - 501301, ESI Hosp",None,+737990850459,Error
 Borewell Bits And Mt Adapter,"Plot No 216, Phase 2, CHERLAPALLI INDUSTRIAL AREA, Rangareddy - 501301, ESI Hosp",None,+919459440740,Error
 Borewell Bits And Mt Adapter,"Plot No 216, Phase 2, CHERLAPALLI INDUSTRIAL AREA, Rangareddy - 501301, ESI Hosp",None,+737996236281,Error
 Borewell Bits And Mt Adapter,"Plot No 216, Phase 2, CHERLAPALLI INDUSTRIAL AREA, Rangareddy - 501301, ESI Hosp",None,+181019849268,Error
 Borewell Bits And Mt Adapter,"Plot No 216, Phase 2, CHERLAPALLI INDUSTRIAL AREA, Rangareddy - 501301, ESI Hosp",None,+737972790555,Error
 Borewell Bits And Mt Adapter,"Plot No 216, Phase 2, CHERLAPALLI INDUSTRIAL AREA, Rangareddy - 501301, ESI Hosp",None,+737979144742,Error
 Borewell Bits And Mt Adapter,"Plot No 216, Phase 2, CHERLAPALLI INDUSTRIAL AREA, Rangareddy - 501301, ESI Hosp",None,+737944167162,Error
 Borewell Bits And Mt Adapter,"Plot No 216, Phase 2, CHERLAPALLI INDUSTRIAL AREA, Rangareddy - 501301, ESI Hosp",None,+919475143562,Error
 Borewell Bits And Mt Adapter,"Plot No 216, Phase 2, CHERLAPALLI INDUSTRIAL AREA, Rangareddy - 501301, ESI Hosp",None,+737923353315,Error
 Borewell Bits And Mt Adapter,"Plot No 216, Phase 2, CHERLAPALLI INDUSTRIAL AREA, Rangareddy - 501301, ESI Hosp",None,+919424325808,Error
 Borewell Bits And Mt Adapter,"Plot No 216, Phase 2, CHERLAPALLI INDUSTRIAL AREA, Rangareddy - 501301, ESI Hosp",None,+919440731435,Error
 Borewell Bits And Mt Adapter,"Plot No 216, Phase 2, CHERLAPALLI INDUSTRIAL AREA, Rangareddy - 501301, ESI Hosp",None,+919424248280,Error
 Borewell Bits And Mt Adapter,"Plot No 216, Phase 2, CHERLAPALLI INDUSTRIAL AREA, Rangareddy - 501301, ESI Hosp",None,+181003919830,Error
 Borewell Bits And Mt Adapter,"Plot No 216, Phase 2, CHERLAPALLI INDUSTRIAL AREA, Rangareddy - 501301, ESI Hosp",None,+919487554007,Error
 Borewell Bits And Mt Adapter,"Plot No 216, Phase 2, CHERLAPALLI INDUSTRIAL AREA, Rangareddy - 501301, ESI Hosp",None,+919450906410,Error
 Borewell Bits And Mt Adapter,"Plot No 216, Phase 2, CHERLAPALLI INDUSTRIAL AREA, Rangareddy - 501301, ESI Hosp",None,+18109343424,Error
 Borewell Bits And Mt Adapter,"Plot No 216, Phase 2, CHERLAPALLI INDUSTRIAL AREA, Rangareddy - 501301, ESI Hosp",None,+181082634111,Error
 Borewell Bits And Mt Adapter,"Plot No 216, Phase 2, CHERLAPALLI INDUSTRIAL AREA, Rangareddy - 501301, ESI Hosp",None,+737979889429,Error
 Borewell Bits And Mt Adapter,"Plot No 216, Phase 2, CHERLAPALLI INDUSTRIAL AREA, Rangareddy - 501301, ESI Hosp",None,+73794645433,Error
 Borewell Bits And Mt Adapter,"Plot No 216, Phase 2, CHERLAPALLI INDUSTRIAL AREA, Rangareddy - 501301, ESI Hosp",None,+181013818751,Error
 Borewell Bits And Mt Adapter,"Plot No 216, Phase 2, CHERLAPALLI INDUSTRIAL AREA, Rangareddy - 501301, ESI Hosp",None,+919485598090,Error
 Borewell Bits And Mt Adapter,"Plot No 216, Phase 2, CHERLAPALLI INDUSTRIAL AREA, Rangareddy - 501301, ESI Hosp",None,+181089218293,Error
 Borewell Bits And Mt Adapter,"Plot No 216, Phase 2, CHERLAPALLI INDUSTRIAL AREA, Rangareddy - 501301, ESI Hosp",None,+919471256249,Error